GCalUID,NotionPageID,LastModify
8jjvsj7rs18e297dbs5r7ui69c@google.com,90e0f751-d06c-4955-8568-0b0fd99fe72b,20230406T060146Z
at927rslfo5sgkeg0oclj0qnn0@google.com,c5adbe6d-6b32-45f2-afd9-4f2868299d5a,20230215T072938Z
lm4jncs83etas6n4s25qa9s1mc@google.com,2252f591-bb1d-488f-8c1a-428095be6e54,20230524T115716Z
mdombcf4fron4fhieel2sk2ino@google.com,44535fe9-b5b8-484a-b756-db7f33ce7901,20230329T001303Z
f449qnt8slk7p8tq1omehf8ogg@google.com,d9a68f7c-de8c-4d31-895a-0aafffd8e7b7,20230322T025508Z
ticpo60lqr18usoehka71ac9jk@google.com,5d1ddc73-1f3a-4036-aab2-dc07f9d3dfb8,20230523T064745Z
tdig08ad8qe04d887i05ginido@google.com,91be8d9a-fbad-4c43-9ace-4b2b5d6a5e4b,20230214T055513Z
okt84uuk3dn954u15o87s3lnhg@google.com,25d1a5c5-5fd3-4603-b9f0-6cf68b785b17,20230605T044628Z
7l5jb128f4c72iavaoo3o6haqo@google.com,08236c31-2681-41d3-a0ba-21ffef67660b,20230329T092801Z
vrp0e9ijsvsqm4np0nr4htiaqs@google.com,909c8097-00a0-435c-911e-17ed83e962d0,20230605T023950Z
q1vh5v7hng4uefm19677qlqeao@google.com,0668535c-5426-4e9a-9405-6d3ce490cb23,20230417T021652Z
m7s3hst27qde6ag65cui1k8bnk@google.com,54b29718-5a80-4a65-9e49-f56d686da88f,20230313T021340Z
4kfi7ho6t37u19u3bhk19rog2e@google.com,97322391-964d-4820-a682-f8cbfa541629,20230110T121935Z
5kks8rorl7suqbqath7t6hscna@google.com,7bf15cd3-4288-464d-8b0a-2f3b45df3f8a,20230110T120519Z
3hvnmlvlfomlluu4gd6mrm487e@google.com,6636d701-f141-4964-9a67-827a972a0fd7,20221230T034306Z
1de3k92uot3ajo09uk6lr048ek@google.com,3f207cd1-cbea-485a-9259-a9e7a62c4212,20221230T014429Z
00hhqs0cb6om9omu0jbr2hjspt@google.com,dbd76967-e975-4f78-8d04-4e8dbf9accb5,20221229T120205Z
6ftb5hh3ib0uq53gghm5h5gq3q@google.com,22d3a0a6-7109-43bc-b79c-ac7f923ff3fe,20221229T120201Z
1bfg8dise6u6dhh2veib8n4f1n@google.com,7d15fe4b-9201-404a-9c3d-5adfa53cb095,20221229T120155Z
65evser83es6kp1a4qdjr67h5j@google.com,1870bd8a-2e30-498b-9e44-d9f6e4afaf6f,20221229T120150Z
2igrqfh38kt66bd3lop9svn27c@google.com,f03c80b4-f76a-4490-a07a-98aa1010fce1,20221229T120146Z
1crpp7egsn76661n9bv3aumgeo@google.com,30ae4bdf-5e72-4e9c-839a-a5e7f8a1c518,20221229T120140Z
34kkhbu9a4h80laaa3k26vh5hr@google.com,9631ba5e-15ea-4b86-be0a-27858ff1b648,20221229T120131Z
20t77t92vh5df6m0k2nb7r5pgl@google.com,81cf413e-5241-4f28-ac38-0f29fab76126,20221229T120124Z
1edbba81mgusltm5fvu0r1ogb9@google.com,ab10d07f-402a-4756-ab11-d020600d8417,20221229T120116Z
51lb3cb5o3psljakoc6qqe6tm7@google.com,2abc0b63-768a-42c9-928c-df77ea3cdc3e,20221229T120103Z
3g42j9kv1ag8e07ml39rba0a2r@google.com,91842dc6-77a1-464a-8686-babd0a4fc037,20221229T120059Z
21d9b7c270s4737grclc6j5f77@google.com,b3081f31-e306-4571-9a4c-23db7754abc3,20221229T120054Z
1mvvnvgsd661o0p6gl1h5af0ib@google.com,477cfb81-be7c-403c-8db9-e748fcb2ec29,20221229T120049Z
3k59n24uramao45k39eeqind60@google.com,ee11d03d-f4db-41b8-9b6f-12b3934a2f42,20221229T120045Z
2coveu7fso8plplsknma91nvkb@google.com,90d3a711-8934-469f-988e-fb2a8f1a13dd,20221229T120041Z
78b0bghvsb67c10hlucntkl6gb@google.com,9ee74793-1f8a-4054-b214-ec00c0708d66,20221229T120036Z
0q6gr54dnsh1jqpf9bu77i6oof@google.com,7f966fd9-78e5-4439-8fb7-a741862295d0,20221229T120032Z
2jo43phj4fsujbc7hfh4eccim6@google.com,c1196d8c-8efd-4496-bf31-7b4ac3cc7d45,20221229T120025Z
39qprfvvkl1epte96melle6h22@google.com,2405e04b-267e-4c93-9af5-4ec33c32a9d7,20221229T120017Z
2nogqa1otni37ur0fcrgdadp0m@google.com,87c72a6d-c23d-4d3d-9b3a-92ee5f4617fa,20221229T120006Z
6kik24jgt9grcps317igmeh5ba@google.com,b704443e-34b0-41ab-bfaf-602e95601d0f,20221229T120000Z
0osvbkvj0agkuh273vaeao3n2r@google.com,a0dd0548-58b7-4dc0-bd32-68fbbc120294,20221229T115944Z
corm6cpoc5ijcb9ic8qjcb9k6lj34b9o60pm8b9p6hhm6chn6oq62e9ic4@google.com,781f36b7-e7bc-474d-b93e-da1f88da7a5a,20230306T111524Z
6crm8e1ic8rj4bb5cgo3eb9k60o62b9p6sr62b9i68pm2dr270qj4cphc8@google.com,89116992-8dc8-4bd4-9fe6-55601ce9cdb0,20230307T034235Z
kdhhbvm0p7el2o7kcedagttu7g@google.com,3fc3be8f-9640-425b-9eda-beb327340011,20230307T074225Z
65gm8c1ic8pm2bb36tj38b9kc5hj6b9p6hgm6bb6chj3cd3671h64e1l68@google.com,53cf4b55-016a-4066-b3c3-de49c23c39c2,20230314T081551Z
75h3ic346kojibb4c8p34b9kc5h3gbb16dj32b9p6hh6ac9hckq3ceb470@google.com,3beb1041-a4fd-4f10-a98a-4033a09ddfce,20230323T023800Z
6lj38dr4cpimcb9h6csm2b9k6oq6abb175j32b9n6kqjadpochh30dr36k@google.com,5b2f91db-bb00-4862-b8a1-61e9f6f3460d,20230327T200301Z
4itv2tnakbahkt5hajpjqjeql3@google.com,cebc0a34-b5ec-48fd-8e5f-66909a904df8,20230327T100649Z
71hjecr1cop3ib9pclgj8b9kc5j36bb175ij2b9j71h3ip9hcdh32d31cc@google.com,3d8fc028-e075-4bba-965f-8bcf6ce7c69d,20230417T100105Z
2qd3p2a2q38n6mjli7c1j1h2jr@google.com,6ecbb568-72ac-47aa-80e4-6e5298b37309,20230328T090338Z
60pj0oj16opj8b9k71hj6b9k75hmabb164o3eb9icor6ae1o70pmcoplc4@google.com,2ebaf693-6361-4751-ab5b-2a372b23e34e,20230328T080809Z
69j6aohjcgq36bb464qmab9kc9gjeb9pcosm6b9h60ojadhpcop3eo9p6k@google.com,a098d518-ab4b-4aca-b902-3669ca993ac2,20230406T060306Z
6e5pvtmmsnsfhfs1l0i2qv6jtk@google.com,afffbf1b-8610-4ce2-9271-7b841aa7b6d3,20230406T043234Z
coqmcdb66ti6ab9m61h6ab9kckp62bb16go34bb160rm2dpjc4sj6c1j6k@google.com,45b750fe-7203-4749-a7be-3b9c94ab4d48,20230427T024319Z
64q36o9ichj3cbb1cko62b9kcks38bb274rmab9hcopj6opgc8s32pj5co@google.com,d28ac9e4-c94a-4a3c-a1e0-2b8903b3265e,20230427T024249Z
6oqj2dhm6ph30b9j6di3cb9k65i30b9p6li6abb5cgsmac9k6hj3ccpicg@google.com,4a680f0b-8e3c-44de-bc2d-fabaa8599338,20230427T024046Z
qk23prh1c8oum764d4ii7jhtr0@google.com,60623e02-076c-4918-8a1b-77676d676dfd,20230509T084155Z
cphj4c1hchj34b9n6kr3ib9k70ojeb9p74o62bb274ojedj261ijcp1h70@google.com,04533408-cfae-41c0-b402-13746f8a0bc7,20230509T102025Z
57tppmspk8f56m97gaombkvf40@google.com,a09f9e51-2ee4-4924-9712-0a59979195f9,20230518T084429Z
ccpj4c32cdh3cbb6c4pmcb9k68pm8b9o68o3cbb36grj4db4cdi36p9oco@google.com,434f1f7d-972e-4f79-a111-8969e3355f11,20230525T014919Z
1b7og1fhip1i2jbr73g1ulicf6@google.com,d3c6496a-1fb3-40b8-b6e3-be41852fefc7,20230601T021028Z
6169q6r25v88oq5790g62ij3co@google.com,c65ac522-b922-48bd-926f-a6fa6958ab9e,20230528T061941Z
1sso14nrpql67p92g8rusmbjej@google.com,a236e619-f82b-495a-9e1c-ae0b971c239a,20230528T061916Z
6639jl45l4g33dlupehatoc272@google.com,4083138e-77b4-4cc3-b13b-daea30f31a64,20230601T060617Z
cgo3gd9n6gp64b9hc4r64b9k60pj6b9pc4rjab9kc5gj2e1k75j32dpg6k@google.com,56058745-0ca8-461f-ab37-52625b59c5df,20230911T055630Z
61ij4eb271im2bb6chh6cb9k6tijab9o71i36b9o6lgj6dj6c8q64cr574@google.com,210919c4-4bb2-4196-9f00-d64cbbd3c065,20230914T002851Z
74pmcd1ic8pj8bb1cdj3gb9k71ij6b9oc9h68b9m6crmcp32cpim4dph6c@google.com,e1907572-74e7-40a0-8624-24aaa9f5be34,20230914T002924Z
ccs6adr56srj6b9nckp3ab9kc5h32bb16kr32b9l6hhmae9ic8rjad1l6o@google.com,1ab9df0a-2bb0-4d64-a2f1-589f136c2f93,20231011T094144Z
1cnrcs3cpkkistvbged33a91hu@google.com,f8db9873-34fc-4db5-87d4-983b9dbb2fa4,20231030T112422Z
7lbfbj8c5huk77f54pkeiqpgqn@google.com,2ae02cab-fb34-4c06-8917-0a32836bc842,20231012T093445Z
3filfsmtcl9bjrq89q7vr846om@google.com,2050e4b0-7187-40b3-bfe5-b38f42f361d2,20231012T093511Z
4vjf8hsmqclhgl84i020sigfp8@google.com,5a57c4a0-76cf-4fb7-afff-b0c483e6b283,20231030T095350Z
6crj4cr174q34b9j68rj6b9kcoo3ibb26cr3ebb464p68c9kcko66pb268@google.com,b901f14e-fbdc-4663-8485-ea3a746a1eb9,20231031T005516Z
6kqj4c9i64pm6b9mc5gm2b9k6so36b9p6gs64b9p6cq36pb5clgj6c1k6c@google.com,c8473afb-8169-41b5-8a33-f265ffe29b96,20231030T095944Z
6kp3goj36osmcb9m6him4b9k6gq32bb2cgo62b9pcgojicr371gj8e356c@google.com,253dd8b2-dcf2-49e0-9c2b-c66d8a93f455,20231024T084119Z
rlbe665dh53c1cn6mlgm8fi1ko@google.com,b5f63268-e4b0-4ad2-90c0-26ead63100c2,20231102T103149Z
ckq66p9lc4s3gb9o68oj8b9k74qj2bb26sojcb9nc4rjiphoc9j3ecj1ck@google.com,47697c51-b666-441d-a95c-302cf3979c87,20231030T095729Z
